
<!--
Automatically created by Apache Jakarta Tomcat JspC.
Place this fragment in the web.xml before all icon, display-name,
description, distributable, and context-param elements.
-->

    <servlet>
        <servlet-name>org.apache.jsp.include.Capture_jsp</servlet-name>
        <servlet-class>org.apache.jsp.include.Capture_jsp</servlet-class>
    </servlet>

    <servlet>
        <servlet-name>org.apache.jsp.include.dbInputForm_jsp</servlet-name>
        <servlet-class>org.apache.jsp.include.dbInputForm_jsp</servlet-class>
    </servlet>

    <servlet>
        <servlet-name>org.apache.jsp.include.dbrequest_jsp</servlet-name>
        <servlet-class>org.apache.jsp.include.dbrequest_jsp</servlet-class>
    </servlet>

    <servlet>
        <servlet-name>org.apache.jsp.include.getWebRequestData_jsp</servlet-name>
        <servlet-class>org.apache.jsp.include.getWebRequestData_jsp</servlet-class>
    </servlet>

    <servlet>
        <servlet-name>org.apache.jsp.include.getWebServiceData_jsp</servlet-name>
        <servlet-class>org.apache.jsp.include.getWebServiceData_jsp</servlet-class>
    </servlet>

    <servlet-mapping>
        <servlet-name>org.apache.jsp.include.Capture_jsp</servlet-name>
        <url-pattern>/include/Capture.jsp</url-pattern>
    </servlet-mapping>

    <servlet-mapping>
        <servlet-name>org.apache.jsp.include.dbInputForm_jsp</servlet-name>
        <url-pattern>/include/dbInputForm.jsp</url-pattern>
    </servlet-mapping>

    <servlet-mapping>
        <servlet-name>org.apache.jsp.include.dbrequest_jsp</servlet-name>
        <url-pattern>/include/dbrequest.jsp</url-pattern>
    </servlet-mapping>

    <servlet-mapping>
        <servlet-name>org.apache.jsp.include.getWebRequestData_jsp</servlet-name>
        <url-pattern>/include/getWebRequestData.jsp</url-pattern>
    </servlet-mapping>

    <servlet-mapping>
        <servlet-name>org.apache.jsp.include.getWebServiceData_jsp</servlet-name>
        <url-pattern>/include/getWebServiceData.jsp</url-pattern>
    </servlet-mapping>

<!--
All session-config, mime-mapping, welcome-file-list, error-page, taglib,
resource-ref, security-constraint, login-config, security-role,
env-entry, and ejb-ref elements should follow this fragment.
-->
